"churnstatus","tickets","avgresolutionhours","avg1stresponseminutes","avgsatisfaction","escalationrate"
"churned","1362","35.8693098384728341","86.9214390602055800","3.9772393538913363","0.06240822320117474302"
"notchurned","360","36.0055555555555556","91.2805555555555556","3.9833333333333333","0.03888888888888888889"
